<?xml version="1.0" encoding="UTF-8"?><MD_Metadata xmlns:gts="http://www.isotc211.org/2005/gts" xmlns:gco="http://www.isotc211.org/2005/gco" xmlns:xalan="http://xml.apache.org/xalan" xmlns:srv="http://www.isotc211.org/2005/srv" xmlns:gmx="http://www.isotc211.org/2005/gmx" xmlns:xlink="http://www.w3.org/1999/xlink" xmlns:xsi="http://www.w3.org/2001/XMLSchema-instance" xmlns:gml="http://www.opengis.net/gml" xmlns="http://www.isotc211.org/2005/gmd">
    <fileIdentifier>
        <gco:CharacterString>911738d1ff344f5aa3c3a18edccd4273</gco:CharacterString>
    </fileIdentifier>
    <characterSet>
        <MD_CharacterSetCode codeList="http://www.isotc211.org/2005/resources/Codelist/gmxCodelists.xml#MD_CharacterSetCode" codeListValue="utf8" codeSpace="ISOTC211/19115">utf8</MD_CharacterSetCode>
    </characterSet>
    <hierarchyLevel>
        <MD_ScopeCode codeList="http://www.isotc211.org/2005/resources/Codelist/gmxCodelists.xml#MD_ScopeCode" codeListValue="dataset" codeSpace="ISOTC211/19115">dataset</MD_ScopeCode>
    </hierarchyLevel>
    <hierarchyLevelName>
        <gco:CharacterString>dataset</gco:CharacterString>
    </hierarchyLevelName>
    <contact>
        <CI_ResponsibleParty>
            <role>
                <CI_RoleCode codeList="http://www.isotc211.org/2005/resources/Codelist/gmxCodelists.xml#CI_RoleCode" codeListValue="pointOfContact" codeSpace="ISOTC211/19115">pointOfContact</CI_RoleCode>
            </role>
        </CI_ResponsibleParty>
    </contact>
    <dateStamp>
        <gco:Date>2019-02-08</gco:Date>
    </dateStamp>
    <metadataStandardName>
        <gco:CharacterString>ISO 19139 Geographic Information - Metadata - Implementation Specification</gco:CharacterString>
    </metadataStandardName>
    <metadataStandardVersion>
        <gco:CharacterString>2007</gco:CharacterString>
    </metadataStandardVersion>
    <identificationInfo>
        <MD_DataIdentification>
            <citation>
                <CI_Citation>
                    <title>
                        <gco:CharacterString>MyCiti Bus Routes</gco:CharacterString>
                    </title>
                    <date gco:nilReason="missing"/>
                </CI_Citation>
            </citation>
            <abstract>
                <gco:CharacterString>This dataset represents the locations of the Integrated Rapid Transit System (IRT) bus routes within the City of Cape Town.MyCiTi is a high-quality bus-based transit system that delivers fast, comfortable, and cost-effective urban mobility with segregated right-of-way infrastructure, rapid and frequent operations, and excellence in marketing and customer service.All spatial layers are served live from internal systems, an item's &amp;quot;Last Updated&amp;quot; or &amp;quot;Publish Date&amp;quot; refers to the Metadata only.</gco:CharacterString>
            </abstract>
            <purpose>
                <gco:CharacterString>This dataset represents the locations of the IRT bus routes within the City of Cape Town.</gco:CharacterString>
            </purpose>
            <credit>
                <gco:CharacterString>TCT - Transport for Cape Town</gco:CharacterString>
            </credit>
            <descriptiveKeywords>
                <MD_Keywords>
                    <keyword>
                        <gco:CharacterString>MyCiti Bus Routes</gco:CharacterString>
                    </keyword>
                    <keyword>
                        <gco:CharacterString>MyCiti</gco:CharacterString>
                    </keyword>
                    <keyword>
                        <gco:CharacterString>Transportation</gco:CharacterString>
                    </keyword>
                    <keyword>
                        <gco:CharacterString>IRT</gco:CharacterString>
                    </keyword>
                    <keyword>
                        <gco:CharacterString>bus</gco:CharacterString>
                    </keyword>
                    <keyword>
                        <gco:CharacterString>routes</gco:CharacterString>
                    </keyword>
                    <keyword>
                        <gco:CharacterString>transport</gco:CharacterString>
                    </keyword>
                    <keyword>
                        <gco:CharacterString>Integrated rapid transit</gco:CharacterString>
                    </keyword>
                </MD_Keywords>
            </descriptiveKeywords>
            <descriptiveKeywords>
                <MD_Keywords>
                    <keyword>
                        <gco:CharacterString>MyCiti Bus Routes</gco:CharacterString>
                    </keyword>
                    <keyword>
                        <gco:CharacterString>MyCiti</gco:CharacterString>
                    </keyword>
                    <keyword>
                        <gco:CharacterString>Transportation</gco:CharacterString>
                    </keyword>
                    <keyword>
                        <gco:CharacterString>IRT</gco:CharacterString>
                    </keyword>
                    <keyword>
                        <gco:CharacterString>bus</gco:CharacterString>
                    </keyword>
                    <keyword>
                        <gco:CharacterString>routes</gco:CharacterString>
                    </keyword>
                    <keyword>
                        <gco:CharacterString>transport</gco:CharacterString>
                    </keyword>
                    <keyword>
                        <gco:CharacterString>Integrated rapid transit</gco:CharacterString>
                    </keyword>
                </MD_Keywords>
            </descriptiveKeywords>
            <descriptiveKeywords>
                <MD_Keywords>
                    <keyword>
                        <gco:CharacterString>MyCiti Bus Routes</gco:CharacterString>
                    </keyword>
                    <keyword>
                        <gco:CharacterString>MyCiti</gco:CharacterString>
                    </keyword>
                    <keyword>
                        <gco:CharacterString>Transportation</gco:CharacterString>
                    </keyword>
                    <keyword>
                        <gco:CharacterString>IRT</gco:CharacterString>
                    </keyword>
                    <keyword>
                        <gco:CharacterString>bus</gco:CharacterString>
                    </keyword>
                    <keyword>
                        <gco:CharacterString>routes</gco:CharacterString>
                    </keyword>
                    <keyword>
                        <gco:CharacterString>transport</gco:CharacterString>
                    </keyword>
                    <keyword>
                        <gco:CharacterString>Integrated rapid transit</gco:CharacterString>
                    </keyword>
                </MD_Keywords>
            </descriptiveKeywords>
            <descriptiveKeywords>
                <MD_Keywords>
                    <keyword>
                        <gco:CharacterString>MyCiti Bus Routes</gco:CharacterString>
                    </keyword>
                    <keyword>
                        <gco:CharacterString>MyCiti</gco:CharacterString>
                    </keyword>
                    <keyword>
                        <gco:CharacterString>Transportation</gco:CharacterString>
                    </keyword>
                    <keyword>
                        <gco:CharacterString>IRT</gco:CharacterString>
                    </keyword>
                    <keyword>
                        <gco:CharacterString>bus</gco:CharacterString>
                    </keyword>
                    <keyword>
                        <gco:CharacterString>routes</gco:CharacterString>
                    </keyword>
                    <keyword>
                        <gco:CharacterString>transport</gco:CharacterString>
                    </keyword>
                    <keyword>
                        <gco:CharacterString>Integrated rapid transit</gco:CharacterString>
                    </keyword>
                </MD_Keywords>
            </descriptiveKeywords>
            <descriptiveKeywords>
                <MD_Keywords>
                    <keyword>
                        <gco:CharacterString>MyCiti Bus Routes</gco:CharacterString>
                    </keyword>
                    <keyword>
                        <gco:CharacterString>MyCiti</gco:CharacterString>
                    </keyword>
                    <keyword>
                        <gco:CharacterString>Transportation</gco:CharacterString>
                    </keyword>
                    <keyword>
                        <gco:CharacterString>IRT</gco:CharacterString>
                    </keyword>
                    <keyword>
                        <gco:CharacterString>bus</gco:CharacterString>
                    </keyword>
                    <keyword>
                        <gco:CharacterString>routes</gco:CharacterString>
                    </keyword>
                    <keyword>
                        <gco:CharacterString>transport</gco:CharacterString>
                    </keyword>
                    <keyword>
                        <gco:CharacterString>Integrated rapid transit</gco:CharacterString>
                    </keyword>
                </MD_Keywords>
            </descriptiveKeywords>
            <descriptiveKeywords>
                <MD_Keywords>
                    <keyword>
                        <gco:CharacterString>MyCiti Bus Routes</gco:CharacterString>
                    </keyword>
                    <keyword>
                        <gco:CharacterString>MyCiti</gco:CharacterString>
                    </keyword>
                    <keyword>
                        <gco:CharacterString>Transportation</gco:CharacterString>
                    </keyword>
                    <keyword>
                        <gco:CharacterString>IRT</gco:CharacterString>
                    </keyword>
                    <keyword>
                        <gco:CharacterString>bus</gco:CharacterString>
                    </keyword>
                    <keyword>
                        <gco:CharacterString>routes</gco:CharacterString>
                    </keyword>
                    <keyword>
                        <gco:CharacterString>transport</gco:CharacterString>
                    </keyword>
                    <keyword>
                        <gco:CharacterString>Integrated rapid transit</gco:CharacterString>
                    </keyword>
                </MD_Keywords>
            </descriptiveKeywords>
            <descriptiveKeywords>
                <MD_Keywords>
                    <keyword>
                        <gco:CharacterString>MyCiti Bus Routes</gco:CharacterString>
                    </keyword>
                    <keyword>
                        <gco:CharacterString>MyCiti</gco:CharacterString>
                    </keyword>
                    <keyword>
                        <gco:CharacterString>Transportation</gco:CharacterString>
                    </keyword>
                    <keyword>
                        <gco:CharacterString>IRT</gco:CharacterString>
                    </keyword>
                    <keyword>
                        <gco:CharacterString>bus</gco:CharacterString>
                    </keyword>
                    <keyword>
                        <gco:CharacterString>routes</gco:CharacterString>
                    </keyword>
                    <keyword>
                        <gco:CharacterString>transport</gco:CharacterString>
                    </keyword>
                    <keyword>
                        <gco:CharacterString>Integrated rapid transit</gco:CharacterString>
                    </keyword>
                </MD_Keywords>
            </descriptiveKeywords>
            <descriptiveKeywords>
                <MD_Keywords>
                    <keyword>
                        <gco:CharacterString>MyCiti Bus Routes</gco:CharacterString>
                    </keyword>
                    <keyword>
                        <gco:CharacterString>MyCiti</gco:CharacterString>
                    </keyword>
                    <keyword>
                        <gco:CharacterString>Transportation</gco:CharacterString>
                    </keyword>
                    <keyword>
                        <gco:CharacterString>IRT</gco:CharacterString>
                    </keyword>
                    <keyword>
                        <gco:CharacterString>bus</gco:CharacterString>
                    </keyword>
                    <keyword>
                        <gco:CharacterString>routes</gco:CharacterString>
                    </keyword>
                    <keyword>
                        <gco:CharacterString>transport</gco:CharacterString>
                    </keyword>
                    <keyword>
                        <gco:CharacterString>Integrated rapid transit</gco:CharacterString>
                    </keyword>
                </MD_Keywords>
            </descriptiveKeywords>
            <resourceConstraints>
                <MD_Constraints>
                    <useLimitation>
                        <gco:CharacterString>

Whilst every effort is made to ensure the accuracy of information, the Information and Knowledge Management Department
and the City of Cape Town make no warranties as to the correctness of the
information supplied.

The information provided on the website is provided by the respective custodian
departments, are of general nature only and does not constitute professional
advice. Persons relying on this information do so entirely at their own risk.

The City of Cape Town will not be liable for any claims whatsoever, whether for
damages or otherwise, directly or indirectly, attributable to the use of and/or
reliance on information or links provided on this website.

Access and use of this website constitutes acceptance of these terms and
conditions of use and is furthermore subject to the City of Cape Town’s
Disclaimer Notice/s.

</gco:CharacterString>
                    </useLimitation>
                </MD_Constraints>
            </resourceConstraints>
            <language gco:nilReason="missing"/>
            <characterSet>
                <MD_CharacterSetCode codeList="http://www.isotc211.org/2005/resources/Codelist/gmxCodelists.xml#MD_CharacterSetCode" codeListValue="utf8" codeSpace="ISOTC211/19115">utf8</MD_CharacterSetCode>
            </characterSet>
        </MD_DataIdentification>
    </identificationInfo>
    <distributionInfo>
        <MD_Distribution>
            <transferOptions>
                <MD_DigitalTransferOptions>
                    <onLine>
                        <CI_OnlineResource>
                            <linkage>
                                <URL>https://citymaps.capetown.gov.za/agsext1/rest/services/Theme_Based/Open_Data_Service/MapServer/95</URL>
                            </linkage>
                        </CI_OnlineResource>
                    </onLine>
                </MD_DigitalTransferOptions>
            </transferOptions>
        </MD_Distribution>
    </distributionInfo>
</MD_Metadata>
